zone,sample_id,nitrogen,phosphorus,potassium,ph,ec,temperature,humidity
Zone_001,S_2024_00001,86.97367413959478,37.90029798088016,93.45306063793629,10.216117393964941,0.40401063875747956,30.88025945225906,89.58394396232151
Zone_002,S_2024_00002,93.16071275237685,44.23959169910062,61.502538460436476,6.482892589621221,0.4194401940192767,26.795358699491473,78.07911855499312
Zone_003,S_2024_00003,75.69656526199635,35.886454070174516,117.14974455730193,7.048095612400706,0.16867036032698318,24.42882179572215,67.67916294146534
Zone_004,S_2024_00004,64.65132272875444,16.480286240216714,75.03178904707165,6.9582915683439985,1.4967188462088357,28.31387176500051,81.339709061294
Zone_005,S_2024_00005,33.06148262568458,12.186457932873017,60.907327273251965,7.3401026192725105,1.3775904962932342,35.51344877351106,86.64407394522318
Zone_006,S_2024_00006,31.115718587212754,17.052522418910897,239.56589762229373,4.138526775011711,1.2732868356970477,32.7214719020305,71.8674161272253
Zone_007,S_2024_00007,25.81303993878194,11.282182286049453,118.93722095626082,7.347015021650626,1.6864858870381827,34.1063845962182,84.4895457542122
Zone_008,S_2024_00008,91.94524431952149,33.08488544131678,215.83658663641606,6.007333045896605,1.5932653095887248,30.50029760127946,89.19925321043608
Zone_009,S_2024_00009,69.22013203966141,49.45146283535506,97.62449744013693,6.293199666272201,1.2448470932978304,25.677420374072845,70.89319444664606
Zone_010,S_2024_00010,75.1442230455025,31.7550889660199,191.80042611934067,6.57853282731636,1.8129788680168422,29.931845552236275,88.33083649927434
Zone_011,S_2024_00011,21.31779101977011,26.653466117409508,209.41361628246932,7.13498960386711,0.4748172316649743,29.37566115476332,65.775759477013
Zone_012,S_2024_00012,100.5675676821745,35.15036411621533,166.98985832695087,7.535983109876153,0.3073797216610837,34.05695786678564,68.96962046864955
Zone_013,S_2024_00013,83.32968935191617,29.098528932081187,139.54551624846061,7.182368605832443,0.5908004510373847,25.51886510143907,65.63232298503391
Zone_014,S_2024_00014,37.48432230951969,31.75716778724786,134.76212928678078,6.241590300453827,0.20711061498858127,29.08744329835073,86.90281808547672
Zone_015,S_2024_00015,35.4250039664885,45.34138393464743,124.72932606195755,6.285567497890651,1.0836148155958265,25.744547635583537,77.37952811259933
Zone_016,S_2024_00016,54.201073925195544,20.91260596008486,228.06023563666793,9.628991143247339,2.3947914950494025,27.572829942763782,66.28036241023453
Zone_017,S_2024_00017,45.96761884572941,48.40871459435175,225.19024951168706,5.739185159152463,0.16627497346627337,31.56859942515979,73.56358635564911
Zone_018,S_2024_00018,38.2743763422986,20.062443190347402,248.8650239030706,5.49210930126279,0.26869775518232425,29.379757012105863,77.19921394386868
Zone_019,S_2024_00019,52.178575652204124,18.278787684946717,75.79693908801184,6.499618724893648,0.9192365185792701,29.014869616665887,60.98898298852397
Zone_020,S_2024_00020,42.94585021845172,13.12502046955804,192.34142128262877,5.967276050396027,1.7867366067087431,29.410160886880913,85.89965536566338
Zone_021,S_2024_00021,71.65017433383869,14.26506273932855,119.73454083687064,6.391778788842157,0.9479814413816088,28.79721347916618,82.77522271978432
Zone_022,S_2024_00022,31.590007237476527,11.219574725329812,85.95551993132747,6.258745078431455,1.012118465259021,33.80808045245278,75.4891757519343
Zone_023,S_2024_00023,43.78320128568323,13.48650662366101,61.65440887994843,5.657974774727503,0.17436346114679083,33.45791440153756,87.73856844715861
Zone_024,S_2024_00024,50.92814497500528,37.05167337597147,197.4611704642175,5.791920748979842,0.38752813718732565,34.944941820350174,72.28096264826253
Zone_025,S_2024_00025,56.74570151334936,13.019318930255336,170.69720101272668,7.5692216349029335,2.0190934469540665,33.08904869671193,88.40075393637682
Zone_026,S_2024_00026,83.93660621192213,22.76132218656657,228.70246664331668,6.2128373237250845,2.025068554044898,29.0321831494145,77.07769273945213
Zone_027,S_2024_00027,31.37281126527277,32.2655078435342,74.30516464439603,6.568790463558505,0.1473319117668947,31.748512646130653,76.59589109592645
Zone_028,S_2024_00028,58.85099070031953,10.489713054130334,206.3492341445513,6.683447496901649,1.9093063595934918,28.834375142982246,65.25990265412982
Zone_029,S_2024_00029,41.7603735246729,42.15450531818983,94.44214319825856,5.872866488057334,1.6535372060313442,27.760169669895383,87.4950627607278
Zone_030,S_2024_00030,23.812259847475644,21.6284433644075,79.40088462524716,7.217328916379228,1.7966409869538504,33.203612108057406,72.9063569168844
Zone_031,S_2024_00031,71.99143774748832,14.453331642855662,79.54019826745568,7.2029862789324826,1.1202081656742078,24.881030707109666,66.0997671551753
Zone_032,S_2024_00032,34.361196599555775,36.85642955532299,222.8823508528599,5.559740056862252,1.0638491395460579,34.21531072151312,58.58481796392878
Zone_033,S_2024_00033,24.460312480832656,35.25646499388473,183.2985481357169,6.301777398412217,1.0654834683891061,29.925122075296017,75.35409009706285
Zone_034,S_2024_00034,95.14133775018813,41.804023829570035,220.4241869649648,6.9657861004871044,1.3841271726499909,31.85707643376365,73.28180350253177
Zone_035,S_2024_00035,93.00734650683012,40.009243274539905,116.8386831724907,7.51018665789115,0.3721604282526729,32.47578084712517,83.83852526992862
Zone_036,S_2024_00036,84.23755721091617,41.975651061545015,231.111420114229,6.266983554000343,0.15163753403032842,33.64074024721066,86.47880247818472
Zone_037,S_2024_00037,43.449516265505835,20.6317189391734,125.53898271860075,6.7871130226120755,0.6982476998699907,30.601799421972512,60.37390448014863
Zone_038,S_2024_00038,27.816539559962713,17.55228260173369,218.81216411814248,5.991987245205289,1.4375172219748003,31.604163577225957,84.23486960420715
Zone_039,S_2024_00039,74.28462209327974,40.235410557215886,138.6430210860021,7.709707779318755,0.47948582045296045,25.448586143861696,64.02757854848548
Zone_040,S_2024_00040,55.818302249677544,41.064556201010134,121.89756750684592,5.738565587034796,1.416831130765102,30.007809700287034,87.26687937918943
Zone_041,S_2024_00041,29.2756110701695,67.11468094447625,88.56458747310415,7.509984891874146,0.6958088711914712,25.910322774968357,84.61873579960236
Zone_042,S_2024_00042,59.56013034128087,16.716556502667522,149.0231678134437,9.876826024153994,0.2887583085156602,31.781210637487035,73.98813114556836
Zone_043,S_2024_00043,22.42630001024422,24.31929723107931,191.33550585505878,6.419133212565493,1.3788650205912598,29.897871387960606,83.12850991547496
Zone_044,S_2024_00044,96.92741228373623,41.48341663456657,157.14807377179545,6.5846676721329755,0.9887757902968233,31.89344815742183,72.32074745063929
Zone_045,S_2024_00045,39.78562061078531,22.6823486521064,95.32598307572609,5.794702510075432,1.710423253348367,25.117770074596166,73.37023661054174
Zone_046,S_2024_00046,73.25259379697069,48.11463397525697,238.22332408610717,5.955468431530213,0.4364020272147173,26.51065557290197,86.70305995981376
Zone_047,S_2024_00047,44.09827132079034,42.55308583279884,127.43545369636118,5.960715257403087,1.4461549066942931,32.72715383494274,75.28843786957145
Zone_048,S_2024_00048,64.07890656044188,26.12972460121084,164.0365615553826,5.6634392149911505,1.6780435577849229,25.41476867945585,70.07847887374108
Zone_049,S_2024_00049,64.24250670659512,38.51609028437369,236.30383277025558,6.745343735598176,1.9460817054063266,25.025520709659787,74.66990073820561
Zone_050,S_2024_00050,36.034470346284564,40.95764797392808,177.59119238166042,6.386187138659828,1.4278719655318148,25.569773565007953,86.3219978475733
Zone_051,S_2024_00051,100.28852916321968,14.61661345600733,71.75109747585103,5.800865601311061,1.0671484093023558,34.949731827916914,68.64061332928848
Zone_052,S_2024_00052,85.8613055555624,46.620861604193394,241.1731634371974,7.610442375310623,1.2878409540458662,33.02261838618831,62.59168955163666
Zone_053,S_2024_00053,91.463949493815,29.034884076495644,184.1721635504861,7.235454572647293,1.685449214472754,28.397206537827334,78.54731516668377
Zone_054,S_2024_00054,92.77486890883978,43.95227713411529,115.55748206538291,7.587217626548805,1.2236411695652747,27.823325676558333,82.98573729354212
Zone_055,S_2024_00055,41.072847949724,32.61062836563931,44.75963585560679,7.525361537704163,0.039001890488469554,28.428683803904747,63.44609814744016
Zone_056,S_2024_00056,92.25882518035951,44.9951745345205,208.94805417089316,6.074919575824044,1.7831549933987134,32.769806747601976,64.22830034780452
Zone_057,S_2024_00057,25.808816099679753,26.67316151447029,177.41299975167016,5.98079239868418,1.4617812774700958,32.02850011077,63.59454252298054
Zone_058,S_2024_00058,35.27033085794803,9.980477598318362,149.41277176576762,6.79948290884226,1.370715674246036,26.73807440333552,70.4031283712923
Zone_059,S_2024_00059,24.63499939044915,44.56285138140716,234.5437782802676,7.0487539661867995,0.5190208520889349,26.48733859018561,76.16068128711056
Zone_060,S_2024_00060,45.64128415421177,13.614341395823162,200.47900920646617,5.828061196199236,1.3624410389394208,26.604473670533036,81.94775490082397
Zone_061,S_2024_00061,51.20235538254105,32.677392024896776,110.40882161692713,9.840671237309552,0.8774278119535022,31.406801596794843,77.45657380351544
Zone_062,S_2024_00062,42.90203544771076,49.544744584087766,115.62032500408846,5.920651191841784,1.340819035282699,31.776781838639067,77.01262494791213
Zone_063,S_2024_00063,90.25008066427243,50.13969085116231,96.25486431282492,5.884818735520701,0.31729289160218394,27.04377145315596,71.9958049129137
Zone_064,S_2024_00064,47.84487937759003,32.73129281877513,199.08770088131456,6.346749291961284,1.4156048344735719,26.090996209688132,86.89889578938663
Zone_065,S_2024_00065,42.74646528813676,35.15529313315237,55.58380741396132,6.970881351766353,2.0294741794583833,25.59291185979094,71.56482435620894
Zone_066,S_2024_00066,64.08406611648182,28.601275628828283,166.17985048268253,6.635256309328264,0.19019195277394355,35.649208013024875,87.36927908231179
Zone_067,S_2024_00067,31.26032422280925,26.73686823613322,202.69950191924988,6.597889769369597,2.0520532271148832,27.107407685772827,81.9446387578772
Zone_068,S_2024_00068,85.31788025038381,22.58581189752179,233.31570442923294,6.963344647118791,0.894014474448289,32.70324899916107,61.65241496301428
Zone_069,S_2024_00069,26.774127934916198,36.57925273534652,117.92923032689265,6.328005844958275,1.8265721330242763,30.810473774352097,79.46818470910863
Zone_070,S_2024_00070,98.00732899795575,38.943678701821284,203.6270215011563,5.510757209783293,1.5829657804746233,29.49961255340736,72.68982724874131
Zone_071,S_2024_00071,85.41680739534401,41.630199580319626,73.89125219921999,7.516218054888204,1.14888770794094,27.373037791453932,78.2918862497306
Zone_072,S_2024_00072,30.538044616068017,43.170033094096,119.30420841068468,11.416453693414004,2.1761846328466325,25.95821069208786,63.05923800264731
Zone_073,S_2024_00073,21.025256594563697,13.065286132345454,123.42967672800107,4.83558700735353,2.047295388800953,30.324164116994243,65.58715258084791
Zone_074,S_2024_00074,81.635139597779,30.279518180657025,125.10273826759409,7.029102388728566,0.8299377257475203,32.92420395626901,87.1821747993111
Zone_075,S_2024_00075,78.93490487124365,12.789889356558222,205.51568890113697,6.758707744789053,0.7013690796018338,30.62659558792534,66.73216962199498
Zone_076,S_2024_00076,87.40761205788009,16.95612110592013,57.0100191635032,4.0864922110170205,0.6868706074145555,30.719265002292833,84.96536066535396
Zone_077,S_2024_00077,57.3968121545528,28.367384389330294,123.39113855424851,6.355401874721822,1.5651799655814447,25.317589770176614,66.80315399414586
Zone_078,S_2024_00078,25.859263049408874,43.74840960447627,200.36491564147465,6.60823188070022,1.5777410130690332,34.084570318507716,76.61960749861613
Zone_079,S_2024_00079,31.123933577916134,23.22248909978342,375.296222006883,6.251358695501497,1.6087726751966998,32.047349660968386,83.59347115273961
Zone_080,S_2024_00080,28.2921159503638,14.214967755077302,172.78048307966702,6.077388111244829,0.8882726399378955,28.12747550392949,75.4176244504772
Zone_081,S_2024_00081,87.48808931381328,15.941012806273744,193.09049883330354,6.6981259894306255,1.6825704865696602,35.77992098576224,68.0305969154843
Zone_082,S_2024_00082,71.0514373135035,41.0939610849259,160.61428414598157,6.169859248044288,0.343757730191866,31.896808740535178,66.09621357639838
Zone_083,S_2024_00083,46.0887170240721,42.80115658688996,98.1078439663717,6.786943227714357,1.1858534817124555,31.45904227668468,62.53796932506454
Zone_084,S_2024_00084,25.093294592829583,13.492044546692325,124.4086473530287,7.23553819240536,0.08779315731486541,32.68832577815351,71.29720526363614
Zone_085,S_2024_00085,43.03296590542281,12.873184789390965,85.81490405055405,7.035715243069233,0.7118003864456179,32.98538572661187,77.58131689041177
Zone_086,S_2024_00086,45.746439201679614,37.36332678912862,227.70553251604798,5.647972533442435,0.8333656999801137,32.310824861374456,88.28800267763746
Zone_087,S_2024_00087,81.11017649838396,12.652620486543245,174.53440318667384,6.904755683778263,0.8859840128072531,26.4346722259274,85.92002465689289
Zone_088,S_2024_00088,67.52335508401194,44.79452811549651,144.8765807139613,5.2621684891659095,1.6995681698324627,29.34980947297231,81.53996832976156
Zone_089,S_2024_00089,86.56589111812507,38.70882064537773,142.7596522829557,6.452369802369267,0.8574535793422499,35.25969993481976,84.10004083283219
Zone_090,S_2024_00090,58.17552521091149,13.015904465058751,248.37857787062683,6.525265600649572,0.9903294798756669,27.857585169774957,78.91862400106552
Zone_091,S_2024_00091,29.258471108738075,13.952413616934045,82.61496720908224,7.351577406010443,0.5408311794003251,28.87461511349064,69.37990739815476
Zone_092,S_2024_00092,74.04845801234765,48.7154724675966,167.10584518645055,5.906360659759654,0.8262019479832641,28.386086951010952,87.06942807210694
Zone_093,S_2024_00093,82.51138664190634,25.78757799038107,143.83691601321257,7.174187113452853,0.5336324314026818,28.87233498781357,80.1957714384975
Zone_094,S_2024_00094,62.39185017831952,24.004231577151124,177.87510268053543,6.81404914485298,0.25031084094985295,31.758737834365235,77.48420505003253
Zone_095,S_2024_00095,80.63461416652135,44.10624243401121,73.10098855865807,8.05149335344269,1.2981160984365359,34.46731073034237,64.59037267442811
Zone_096,S_2024_00096,59.7884591066033,46.686882385756796,221.4809686351479,7.337251670848026,1.3730430123761175,28.239768207389183,74.22415245536422
Zone_097,S_2024_00097,77.97085997496079,49.333616921801436,227.77650305954737,6.811601245926646,1.8362008655001731,26.215968394742617,73.41337153216588
Zone_098,S_2024_00098,54.879475751451324,39.10346310596372,170.3757389715375,6.70605699945694,1.0080674132246878,25.987462985412556,88.80703700802124
Zone_099,S_2024_00099,23.09747115226402,24.75742303051516,192.60374105499727,6.905762076280133,0.8604853966718478,33.63375350604761,77.11550733045513
Zone_100,S_2024_00100,22.327663292855092,8.486894320387648,230.92970317324662,7.009320174502858,1.6970957275569272,31.588948061767546,71.06553012822964
Zone_101,S_2024_00101,23.411768706843898,41.25869957476529,188.18790013030716,6.922464235501233,1.0949250622507973,27.185106120021373,87.70688685387816
Zone_102,S_2024_00102,67.95240931716995,32.76384138956592,165.2530621156434,8.50465978804753,0.7506013622379747,33.72270034807897,62.203856872101866
Zone_103,S_2024_00103,45.70803373629759,26.175520336726688,169.9362408020432,6.707331987492556,0.14473893102836816,33.15668396871978,75.10191259780373
Zone_104,S_2024_00104,61.822667709825744,46.70387617640929,174.99365403794084,6.804254773907307,0.7567645462699392,32.98392018838917,58.78628803957784
Zone_105,S_2024_00105,93.50011409081101,15.07688024821457,132.58803193081968,7.813743727532386,0.5807946717263949,33.606442071877645,80.97547566425962
Zone_106,S_2024_00106,38.12435154829693,29.926676977698598,200.7074560342074,7.14850369526725,0.8651098099792645,26.59175561018575,86.89375994363796
Zone_107,S_2024_00107,50.98905385545681,10.583003542389179,239.95072171465642,5.719099774254593,1.1844556724538824,31.772693582126806,69.28975009371942
Zone_108,S_2024_00108,113.9255817644383,55.78341367606893,227.39743709525538,7.018011757315078,0.9890847125559319,30.559954837874294,87.51315892742187
Zone_109,S_2024_00109,25.620573334009773,18.305539223483567,133.51769878360076,9.895934699998604,1.0283488767838833,33.53236691416063,70.4436471224013
Zone_110,S_2024_00110,26.179581604148435,14.565663919464319,75.88011312612699,5.504296748163982,1.56961235832447,32.867833853395176,87.93792383353819
Zone_111,S_2024_00111,42.07548555997593,14.793633552258953,245.81648554078185,7.45446485342476,1.632191858360132,32.95295811961444,83.23775782864121
Zone_112,S_2024_00112,34.02039048673533,35.97083324606971,214.775100350007,5.763032866008822,1.515129198757667,31.209257526615577,85.11404737581533
Zone_113,S_2024_00113,66.2599461295044,41.048995522818295,85.82595312024215,6.317869398151946,1.9275996504646848,26.29147087696664,57.70731011294008
Zone_114,S_2024_00114,107.55237871829513,43.2364916589917,120.33419021263947,9.340290746359363,0.24584769681931729,31.05068188433654,91.06236498862414
Zone_115,S_2024_00115,71.2047720891365,50.2196270386795,215.83943078546153,6.024642160716229,0.486266869513094,35.199419530990525,82.87792885648055
Zone_116,S_2024_00116,109.30469407956603,21.678837214936216,208.1221001790946,7.151087171812589,0.1510172323898001,35.00074962961972,71.6880585092027
Zone_117,S_2024_00117,82.19075841964437,21.85922512947701,165.741500248593,6.9091713107716055,0.6488487886225368,26.229313137444812,85.20051177211563
Zone_118,S_2024_00118,43.78333373419999,38.05090626157548,132.91606123262613,6.457311856570692,2.2792990080046818,26.813577055983735,70.32047887871293
Zone_119,S_2024_00119,89.91052224187263,19.2453285300381,63.00187191932766,5.676032856533074,0.5588690593400091,26.794299491566658,87.18231769626007
Zone_120,S_2024_00120,63.52488069466615,46.828906259990525,112.33390265029027,6.225915718711901,1.8527567782923582,31.63307897944832,60.53154958157456
Zone_121,S_2024_00121,85.79875436120825,10.228190415227035,201.62186359671873,6.809957562222908,0.22484175138044432,32.74237823939532,79.8990332269728
Zone_122,S_2024_00122,90.41356029677199,48.58525545474461,48.806803886965106,7.243878688845989,1.8691744707959392,27.4106619467979,78.14135931168121
Zone_123,S_2024_00123,45.34581002303479,11.885750300269855,118.17207234275844,6.984442452668483,0.8025675522030837,30.148071383483867,60.7101640126169
Zone_124,S_2024_00124,27.517133591041926,44.18285775090735,136.093165313333,6.230816599096875,0.2877631542254577,34.22970866026926,64.38241955472557
Zone_125,S_2024_00125,38.126070522985444,22.929386182775502,116.79047005313583,8.276571266104817,0.8181652913116867,32.01926543481531,62.26673751613009
Zone_126,S_2024_00126,52.90452218025665,50.97630231589523,234.68595966859073,6.9082288496781095,0.5912304831236231,30.223780388587418,71.75391603430637
Zone_127,S_2024_00127,81.66778427910846,12.95174179505418,123.20323539103501,7.2211611167329055,0.639288365893486,30.733397776747086,70.4209126876938
Zone_128,S_2024_00128,88.2570729755683,32.39763040545903,120.95746694116269,5.880162311511761,0.6541660142137706,29.337253514263637,77.30117923230644
Zone_129,S_2024_00129,20.38898627051408,50.28395991107436,196.92191650130562,7.036789508280381,1.5548736075333118,27.20844021253488,67.4427016199277
Zone_130,S_2024_00130,61.758889912837255,30.801330932538814,136.28104428278968,6.712970207253187,1.075001736124995,29.953110972460877,68.59420225126046
Zone_131,S_2024_00131,60.45388374696421,34.34945964900016,82.3843064076812,10.888833936746813,0.6389768102381517,32.864352098699285,81.24990477433182
Zone_132,S_2024_00132,38.512923661954964,37.9061475125234,143.7859878675452,6.004216250844048,1.2602950957477215,33.69578506104655,63.30233529694594
Zone_133,S_2024_00133,28.18295270275453,28.663333491736527,77.83475056362629,6.688562910000151,1.4510326303884908,31.583668530429136,84.23151101621163
Zone_134,S_2024_00134,47.28294584987621,34.05019926975472,87.23592678974971,7.284401874282059,0.5921731916179391,33.25219053939213,87.52596109743656
Zone_135,S_2024_00135,92.62705047808049,34.21280538372609,153.82465348097955,5.971836986429218,0.8510041985576253,25.629850659048287,78.51853897914226
Zone_136,S_2024_00136,43.86998910449086,47.43942771230371,133.68922682442067,7.163692173603325,0.31799512395881235,29.82429338362744,79.37880071932345
Zone_137,S_2024_00137,49.77402340187865,11.448352267430945,165.15518861802775,7.08136014522865,0.4328191571166155,24.481641936363097,86.61568430591397
Zone_138,S_2024_00138,76.21355837243712,21.162965491259982,119.29157942422954,5.8830896553732845,1.3761324794263428,26.56417834201609,63.14795149454587
Zone_139,S_2024_00139,40.063350562769855,61.48398511624222,238.68885712943575,5.816073856183531,0.4474742780134848,33.24362781789869,63.47496035927692
Zone_140,S_2024_00140,102.38035692106331,43.494103754911585,181.34705817799832,6.683820208959573,1.0610099387884104,34.58039249182194,68.78113454641722
Zone_141,S_2024_00141,99.00203797661251,28.19239146743708,52.560435723119355,5.606971658101162,1.5172175177162321,26.449093564345365,82.72953082060242
Zone_142,S_2024_00142,39.353486589090494,35.10028598364828,181.0719534875798,6.733577898096838,0.31135393542455514,28.67891610147829,62.729903350113986
Zone_143,S_2024_00143,58.47353608461257,20.726146040873303,81.99561831340698,6.266274890800395,1.121259180456754,32.45002448227513,76.88020053370002
Zone_144,S_2024_00144,43.167545194086976,18.061348326023555,251.89242847163217,7.015033024541849,0.5751321107286191,26.784596776772386,89.99443145468696
Zone_145,S_2024_00145,42.39953247553477,24.094602298190484,82.4265539539784,12.299241029807014,1.1431336852453082,31.310052486446388,88.11313457761632
Zone_146,S_2024_00146,21.813124543326282,23.706460595209553,128.4770336319521,7.496843938938879,1.000510955684633,32.03042172865846,74.10618229756875
Zone_147,S_2024_00147,56.420040818536656,27.209105698387997,53.534133327648945,9.871394989267882,2.3090931286185192,30.42086362187667,61.55246223783723
Zone_148,S_2024_00148,61.169638565549,12.834678651381997,258.02837480900104,7.544928015754073,1.1216333074986728,26.451499323278647,86.3488552358345
Zone_149,S_2024_00149,11.612065917651009,47.57055292157316,145.7326539416735,6.955426656425676,0.1499072181245954,28.730032962068286,76.86582134837589
Zone_150,S_2024_00150,24.38718234545224,22.662291590446717,170.46868061834553,5.8312694331070665,1.264285658852829,32.00106769607671,60.97471933413596
Zone_151,S_2024_00151,93.45736768587764,39.28214929598168,64.31352368527058,6.890097184200794,1.9063441336815101,31.269224931145793,61.66853219679838
Zone_152,S_2024_00152,38.64406191918381,30.050622585333052,130.85231040028444,8.172247002271787,1.0151347379357878,24.166530462170016,85.11458298948794
Zone_153,S_2024_00153,31.590121679473917,22.226534819413885,91.01781982008151,5.731335837353321,1.580947013810621,33.12991869020514,78.95159603759215
Zone_154,S_2024_00154,57.941499195895,43.8716964850351,222.1989898094839,6.265843200778014,1.7104042909009927,24.65585589192894,82.78992101352246
Zone_155,S_2024_00155,98.5828323441983,22.742984532658138,61.775377888696404,6.615727536866629,0.5503139711292289,31.85460105503606,88.06969032844304
Zone_156,S_2024_00156,41.15403204665507,17.160786385448173,84.18459603757283,6.990416205017391,0.47883994432056526,26.075945199831843,78.88099136299526
Zone_157,S_2024_00157,58.50277911886894,47.17298199082247,55.74559149821745,9.907751439698922,0.9613413056955615,34.58189343605546,76.39774081275756
Zone_158,S_2024_00158,92.90562210961296,42.52153879915626,68.27450299120468,5.150202705232071,1.3023143302088638,29.08948932572803,74.36468868671362
Zone_159,S_2024_00159,40.332936706775904,46.49229523585541,164.34415486906045,5.787318320772647,1.736050551122233,27.445620479654078,67.67560783274449
Zone_160,S_2024_00160,49.25062209265304,37.62299489363119,64.64828976375193,10.730453721429623,0.9999196999870149,27.24743961563846,74.3901084271705
Zone_161,S_2024_00161,49.70087658204717,35.06553770791756,205.5895385490779,6.4634641755828515,0.795855968606727,28.446417087322278,83.99415974153625
Zone_162,S_2024_00162,81.37790277318761,26.915832577778755,167.18679357904506,6.288422958335815,0.6143393200112136,33.78202329465914,75.88793249877727
Zone_163,S_2024_00163,56.546667943827565,55.90951549831725,151.60863828848727,8.496259000804738,1.1594072252171634,34.98909286088301,85.70082595514445
Zone_164,S_2024_00164,60.988530360361544,42.75494886153119,144.51234259848812,6.956187162156288,0.615778195473021,29.40724759022168,70.93383214711262
Zone_165,S_2024_00165,27.977023409408634,12.307004719274753,124.80185534228163,6.92881384236556,1.5901132373367817,30.3437222309212,77.79590228704083
Zone_166,S_2024_00166,115.94015552579947,10.643429124509735,185.28480364265172,6.79243646350906,0.9136955154125275,32.12511434023445,80.37377512471738
Zone_167,S_2024_00167,44.09501130568194,24.42092769008148,84.18129990813918,5.667569177837486,1.404945752171924,34.83963888725807,77.65030732444238
Zone_168,S_2024_00168,48.953900708687904,23.136988590120698,74.3826234565589,5.786301180845842,0.2782127271286554,31.914221733762826,83.78739436444013
Zone_169,S_2024_00169,23.421380422428207,49.322313818648816,217.59695655332905,6.709828224574163,1.2619863963671893,29.66706683177808,69.5547980453073
Zone_170,S_2024_00170,65.61333930001591,15.586594816854861,250.62689168344303,6.260837653633669,0.9726413048087819,29.474253478254173,77.43680251128802
Zone_171,S_2024_00171,70.80726704089864,32.693340189339814,126.69561030403787,7.065159673238167,1.2119605976133618,32.04544320718234,60.593883201903054
Zone_172,S_2024_00172,20.308182878194405,26.166678279674986,103.2698655158543,5.942193733580191,0.40849938557715965,25.705024482014068,71.55013372792098
Zone_173,S_2024_00173,60.92360530348933,50.96361074351655,184.21688606717206,6.4566290614114275,1.5715017376663936,31.285004023907756,72.58929063883657
Zone_174,S_2024_00174,39.4371664754898,43.26041723911591,135.06254059348035,7.145401443280084,1.7954538089498377,27.791374928558493,78.97571344975343
Zone_175,S_2024_00175,74.45377157868302,42.63306436887129,52.45884627558658,6.642369456032293,0.4869928758254712,32.02817353066749,86.59050121355519
Zone_176,S_2024_00176,33.28353806283288,29.762458228488114,78.12948004287725,6.949237035206935,0.2872357320750351,25.88622424534301,79.62735186482168
Zone_177,S_2024_00177,48.67995731790924,19.873494505947505,120.04628357987933,6.400566807201031,0.21309840552486176,30.98589539160484,80.75884665778891
Zone_178,S_2024_00178,49.8538369917154,21.18488376001052,186.9147131209662,5.866691557685165,1.3544606118863047,30.457724202621193,73.41250775179064
Zone_179,S_2024_00179,97.16489798301592,11.965485559098918,55.11477221528144,7.3137019169876565,1.2963394992509272,30.567809154198628,79.4778361179364
Zone_180,S_2024_00180,29.678439464558732,43.22935118895498,93.9834805352056,6.344126182681413,1.1269360294217035,24.828054945949997,64.5929240721311
Zone_181,S_2024_00181,47.27101126902309,43.03803238142095,94.7347927637642,7.328825626805603,0.5668107343988391,31.229229224752782,66.07306402450573
Zone_182,S_2024_00182,28.432685174265085,48.604036606878054,192.45998798038832,5.910373616474154,0.817466170069856,30.35901038952103,72.41453474672448
Zone_183,S_2024_00183,98.44901618336307,66.40017276195653,53.24878238140347,8.756890290767705,1.5608665393083732,30.584697745060275,73.28469988424683
Zone_184,S_2024_00184,60.64344443141382,31.71436974123836,67.81720502802538,7.879029154436872,0.7654516023815076,30.137403584316544,60.78071999249195
Zone_185,S_2024_00185,42.00424556137148,39.57049823596986,213.73123302358536,6.639953546096865,1.9027250947381609,30.990365746630864,64.77932665435348
Zone_186,S_2024_00186,71.0344847719661,46.63743836016252,86.16372794256229,6.014039066112027,0.3702488274412135,33.00009067819114,70.69216053084929
Zone_187,S_2024_00187,83.13639876765376,45.34569935415757,184.58202737933215,7.413399631734435,1.4208416717153887,26.742378891884503,88.2937478942281
Zone_188,S_2024_00188,63.341408848208,20.728573354470456,101.24016660125659,6.211732601978425,0.8895792463176575,33.789987347514796,72.7928724192
Zone_189,S_2024_00189,64.16076204046689,29.334199200411973,70.12743871946084,7.502725411597102,0.8986037473600502,30.210823175009573,73.41617924747916
Zone_190,S_2024_00190,39.7254068631241,15.814395985711345,97.61360332140188,5.896923118500648,1.4373797871079363,25.13421809701799,65.46501057638498
Zone_191,S_2024_00191,26.47847009486797,75.94114784769182,194.0499215975945,9.999950243367934,1.8037353666054583,24.77093891406033,78.5167393814102
Zone_192,S_2024_00192,115.42619532098233,35.15876154786166,223.0697274401693,7.270853227474677,2.280186172348876,27.726429925233298,69.4206103768343
Zone_193,S_2024_00193,89.16485613647876,19.383903094449437,210.3333192617609,7.089858615782285,0.3473466092542505,32.36392772340213,67.85629432079062
Zone_194,S_2024_00194,69.28618492354263,38.08155221131867,134.29028263208335,7.390216897260526,0.29884648513207207,32.9220996266163,75.51140977321194
Zone_195,S_2024_00195,48.85915509096847,42.58685925398372,164.37374050808415,6.142588802940609,1.164327417379613,32.85314581693767,59.74007092656255
Zone_196,S_2024_00196,47.75725274650781,24.88214783664293,89.90571596335049,6.6662277262388825,1.245019039879287,31.13505368200378,60.02744066864377
Zone_197,S_2024_00197,74.98487803549465,14.580654616487536,106.54992492817668,5.775498969108104,0.6502051064497171,28.92680673253351,66.10233997821123
Zone_198,S_2024_00198,91.58563860937748,35.27634936959979,235.81167575184838,5.662496058779545,0.25223437732460785,25.93724055158166,60.527090727666874
Zone_199,S_2024_00199,95.48462742343054,32.30681968499259,51.24164419818327,7.598972829264927,0.27389368726047786,28.19322663497287,63.13287666258233
Zone_200,S_2024_00200,85.51170586362782,41.23983157692606,63.99945408181148,6.771444643919726,1.7168579339792582,28.6693922091379,67.54909808474797
Zone_201,S_2024_00201,72.14865812523496,40.23016445074835,127.96767595185698,8.562324517413009,0.47370160494401425,26.378363573900717,85.8898000090916
Zone_202,S_2024_00202,26.516554113043117,45.517192714266564,53.3175259847621,6.505470704626935,0.74458857905164,28.023772522545837,78.72385970480391
Zone_203,S_2024_00203,31.816597164328627,33.07942381929529,83.023488975253,5.794553738834099,0.514286729025473,31.97327487666912,75.08169264134204
Zone_204,S_2024_00204,103.55074951727953,32.6489354671366,174.8204663867196,5.1270102422259205,0.7892909438669644,32.16269376495737,69.6120035026928
Zone_205,S_2024_00205,66.38631670160689,45.36740148771158,133.02980660845623,7.194532150811287,0.2224776225727401,35.859837458978944,86.60601224083956
Zone_206,S_2024_00206,21.080156682716215,25.319235606612036,239.15437290710307,6.350291354717603,1.046102664253755,34.12938551432551,70.36399418262435
Zone_207,S_2024_00207,28.403804386886854,16.115542279039715,213.99033077414583,6.189202902143633,0.22573356153654492,31.294713921960906,64.82998503476303
Zone_208,S_2024_00208,72.42001759428211,10.848786964157956,116.43284077446526,6.29094432235193,1.5713916442936255,28.69756908610666,77.26215618786355
Zone_209,S_2024_00209,24.325828374907967,40.54325665526294,106.74430714079774,1.6801495345665491,0.5348327602886422,31.53236730375095,61.95362997049169
Zone_210,S_2024_00210,34.399386799900576,33.66123635373202,122.73996728313378,6.337732194320654,1.0970562907940895,33.67637649712175,71.6602655392453
Zone_211,S_2024_00211,62.03902682328707,36.79434814584902,171.8981958627232,6.127030758615146,1.8578076935433763,26.56160409022539,77.4042044760372
Zone_212,S_2024_00212,79.10717493661356,18.45490527108173,103.77030178407738,6.783731412344448,1.351417962708626,29.21442627933379,83.55433755983609
Zone_213,S_2024_00213,50.145719765417475,8.719920564521624,176.5140601853984,3.7571916451747462,1.432516981610121,34.039112151848144,71.84924990081304
Zone_214,S_2024_00214,37.075091545254864,10.486992908987647,134.8512409749605,6.637905587106268,0.69096484268994,28.031718638905573,82.39050342972648
Zone_215,S_2024_00215,75.88967305889446,23.103560255992456,160.23421523280186,5.528611893351968,0.7155686050406809,31.590374979077513,89.52686312556676
Zone_216,S_2024_00216,37.884717241705054,18.232200821496885,205.107240113738,7.1847464020281295,1.7767212314618477,31.658575504624153,62.52099925830727
Zone_217,S_2024_00217,45.28550089610244,25.169584476599677,62.2611061696865,7.274967679072204,1.9952193029928533,26.451202099024893,71.04129640186885
Zone_218,S_2024_00218,75.9537412646892,27.143282304146666,228.78958534768685,6.257936685201208,1.2931241399827893,28.762717680032274,72.4984583218444
Zone_219,S_2024_00219,68.57947852350411,46.13357744153375,208.13522974089094,6.4679151872478124,1.1721484818707766,27.92013528618684,72.8841659673758
Zone_220,S_2024_00220,90.2828397562346,24.04625483065283,74.2094483129164,6.100888045485523,1.4433473926322078,24.80529546804796,69.95317031918151
Zone_221,S_2024_00221,73.68154677933944,32.07271448958789,225.18481292365848,6.623958797405841,0.983218583100064,24.935835539668723,86.81917264734331
Zone_222,S_2024_00222,68.02363689672406,40.65182924527036,143.23503062370293,7.3422602708971985,0.2117175291832864,33.818167350245986,79.83695896946112
Zone_223,S_2024_00223,27.691312268935057,26.70001546699434,234.7804288856408,6.718376501031281,1.1270648363244675,27.009608572138447,78.65239520149768
Zone_224,S_2024_00224,65.88518718528556,43.796451007231184,205.82958857111237,7.211997811931329,2.3015672355522065,30.067665868060242,68.20716380972885
Zone_225,S_2024_00225,42.30036893953954,45.08804347403527,140.01546722566795,6.426637500582898,0.4247110016795084,28.481850851007444,82.00119473411884
Zone_226,S_2024_00226,54.71287159410428,57.43518297382967,71.33239535985679,6.832650212712634,1.3510451723614227,35.379767254296866,87.3214213094623
Zone_227,S_2024_00227,95.90644150800212,15.907044619606385,105.90038773067799,6.0491933228434815,0.46546246620737497,26.738298763820048,82.83050899612235
Zone_228,S_2024_00228,53.04330445384455,53.45597192063351,205.9751663009014,6.703895834584858,1.1399263036992855,28.77988596902772,57.4551770402942
Zone_229,S_2024_00229,92.58249159865282,21.72729692778787,133.6048376051604,5.71776831902028,0.31316895246171983,34.45976824538136,78.75714479303123
Zone_230,S_2024_00230,70.00804000628874,20.628538620265616,96.58039782821317,6.272654274501191,0.9531924987287883,33.743971494997254,62.19215289291768
Zone_231,S_2024_00231,97.17120056883451,27.558011207435335,51.29216864207097,7.879212105229007,2.009247426463593,26.481484745952184,65.81879819657883
Zone_232,S_2024_00232,58.693251141693956,49.33099707132484,211.95212927170968,6.802062044770972,0.7273964741923503,32.63468079689318,62.51237895989437
Zone_233,S_2024_00233,69.12831495691663,28.748368360145772,297.6075599174177,6.444313818453414,1.1804994159591347,29.112095368209225,77.70592694206381
Zone_234,S_2024_00234,56.43416778813786,23.339147713173293,159.67609682730577,5.761608802317903,1.6650884090040625,29.043112359058263,81.49503344531998
Zone_235,S_2024_00235,34.073556097032146,34.02453946095501,84.65329192443323,6.344130447171976,1.885604509851755,27.133624768494087,61.23583454094165
Zone_236,S_2024_00236,74.60208246951939,12.074431462148324,153.86539305362163,11.559415883034838,0.5242847352970936,26.19939311331764,72.86712483576466
Zone_237,S_2024_00237,63.258542453605635,12.974719211765468,39.83215802732575,4.529022812711211,0.6219975744975038,32.682391272667985,73.44315720223
Zone_238,S_2024_00238,22.005738237992116,15.506502881623739,243.6709222998377,6.286573848562798,0.3793574770238024,29.641073458187567,73.55484839475827
Zone_239,S_2024_00239,68.12378969180968,14.8532063020936,76.30667850720629,5.765494945427984,1.9800499895095456,28.61900948834421,64.56380984563246
Zone_240,S_2024_00240,34.10086324018479,15.963822258867285,172.6661695776421,5.379089427245777,1.8684649831503348,32.768735198026974,72.57467512753188
Zone_241,S_2024_00241,97.96407752117288,14.900759850733312,102.96673780076881,6.467106906906322,1.1447158968210072,33.47736999269501,84.4583864596452
Zone_242,S_2024_00242,99.97439711140777,36.55085066905183,157.312946403404,5.613497929156923,1.7076276603614542,27.095319371052884,63.49494428371438
Zone_243,S_2024_00243,76.80860699962221,17.782920263814454,185.02054716900275,3.7966051978769397,0.7515643448834872,30.623057712352228,64.43579825101024
Zone_244,S_2024_00244,47.837502365583184,23.022265495700378,208.5044357451116,6.922305079730188,1.2651671514095606,27.070741036741854,73.41953425824636
Zone_245,S_2024_00245,21.90372492163076,45.084149251074116,87.57422961031415,6.986729174762784,0.27986023112784875,32.83452736508211,90.10694017050821
Zone_246,S_2024_00246,97.43672528594008,30.19043512614107,51.41633878478191,5.807617959553511,1.5324801100870922,31.729137250337306,78.05620068398451
Zone_247,S_2024_00247,52.32266605233533,37.10186721444857,79.2897756409521,5.976047207619558,0.34018438622157743,35.51831825923372,78.69379530000846
Zone_248,S_2024_00248,96.31961268403859,17.43837121723925,219.71018108044723,5.514046117704151,1.739038794439983,25.30850531645658,70.54542966342908
Zone_249,S_2024_00249,99.05795227329408,17.693615986383605,228.0914372012262,6.754084356749217,1.5658460229010442,25.088470421562494,80.08230287831773
Zone_250,S_2024_00250,89.10845970501724,11.252797681180821,174.68305217269142,7.2476513162623935,1.4960873572991957,28.175510834192092,59.113456740073616
Zone_251,S_2024_00251,43.965995769826954,17.44303819730708,168.87975077621763,5.419980620104816,0.17541561447649692,27.464020855857726,78.79708194752568
Zone_252,S_2024_00252,48.94407868207192,21.246805007552254,183.80143076620038,7.6752362316794525,0.6801555157389715,27.544339338056073,88.46135400818248
Zone_253,S_2024_00253,23.254084840955137,16.933359112910033,57.187007989933264,5.699699611544783,0.37811526416109964,33.32615946500372,80.69946051702634
Zone_254,S_2024_00254,44.84667675333779,16.97757773834859,235.41788111617615,6.833432113283396,0.5775204503254808,27.00113679987564,83.61466548151944
Zone_255,S_2024_00255,33.10972809652862,14.828179333587034,128.93190393796914,7.027330888416387,0.26614646994483687,27.318609900516105,81.46565456698009
Zone_256,S_2024_00256,64.23571217381613,28.765261235346365,132.8312193335469,7.457763793055287,1.8845628410265949,33.41311147894024,62.2345325447138
Zone_257,S_2024_00257,178.84836003282203,17.875772712494882,225.49676452829823,4.488971456628255,1.7119071586542962,28.923806287283668,88.76397315260381
Zone_258,S_2024_00258,74.69600896470757,25.776462850641597,36.61081329987943,6.07241779065325,0.6853828802809606,32.76059242556378,64.05098822541044
Zone_259,S_2024_00259,67.92922101374293,37.49976322042367,65.63877469133249,4.819853053470531,0.8194084509570603,26.42685245864865,75.48467949053357
Zone_260,S_2024_00260,45.22056090291132,38.79461665556921,188.9759111035286,7.006569452887081,0.9256556786518502,30.60329118266385,63.70475620523575
Zone_261,S_2024_00261,71.838369972781,11.173355630036466,66.62620323859056,5.537036852644685,1.273275433028802,25.8372243293403,61.829717301986214
Zone_262,S_2024_00262,98.48251085393224,40.43961905759176,162.25028358903543,7.504105710736165,1.098780121624241,25.88259296369262,74.64066536310384
Zone_263,S_2024_00263,31.85524023515305,36.413430248752306,95.75460741169704,6.612631467166994,1.8657062483713707,34.88783023012738,70.06371663093167
Zone_264,S_2024_00264,63.02574259638213,13.59275515464959,129.71946914277112,7.420271202102517,1.0442696565197516,26.564924708737475,74.53421710613559
Zone_265,S_2024_00265,88.09772875219676,46.812160998026066,73.99258892860522,9.347356235850764,1.3254616166570958,29.928998303360014,74.62081214017017
Zone_266,S_2024_00266,82.64249989893905,59.36648338661215,120.96356939758904,2.2321981900697763,1.2505977263268917,28.601864951084927,62.617540465159635
Zone_267,S_2024_00267,72.81861102874939,12.440089485552118,185.16074582687222,6.385984670551613,0.5023296169352921,27.914831412159096,63.88994902846481
Zone_268,S_2024_00268,79.99339911305138,20.85162419865169,105.94867042704266,7.106316685920228,1.954537992304977,34.75711957048712,79.55293088179806
Zone_269,S_2024_00269,49.5920286112382,42.815985222703645,157.7273298741987,5.547747068331727,0.3236595685334814,25.702278871514416,67.48409885367302
Zone_270,S_2024_00270,44.863907187113504,60.235023830009624,139.08086534788112,5.837617268991923,1.5975796697330742,32.26531740327051,80.17782400330277
Zone_271,S_2024_00271,82.45208274699145,16.64203968932796,174.13771791469014,5.979262867418178,0.8076669169314866,34.785529284380125,80.4396499575636
Zone_272,S_2024_00272,84.88102837946795,17.8811183111032,239.0638496655317,5.615024498653727,1.6857317679570514,30.800399008890025,84.41817833260792
Zone_273,S_2024_00273,85.1060921654687,24.24859209761944,204.5532896367705,7.491454807495945,1.8162662571970825,34.33880588845435,78.67107461743535
Zone_274,S_2024_00274,90.04292909467748,28.11762696670226,90.1374507550214,5.913548641945625,1.5889788630294646,25.69244058081768,71.49532133069731
Zone_275,S_2024_00275,61.002841919657875,33.31003502593855,53.6091949518927,7.621241314745609,1.6704197418957107,29.28176421832786,80.46648427261809
Zone_276,S_2024_00276,60.39026561389019,25.12405114745841,106.83857602941431,6.457028130931265,0.6699732928823674,27.49658368901953,65.87278575149188
Zone_277,S_2024_00277,86.44738084451728,29.625645818636638,171.3324859163363,2.4159089231449187,0.24844480484082668,31.62993023677749,70.39149229654579
Zone_278,S_2024_00278,93.71585954587013,39.51646438493632,89.22877400767509,4.716589015872177,0.8452369280846171,34.98877555476209,86.27679627135497
Zone_279,S_2024_00279,111.73113851156275,14.845523926086267,306.45615995204093,8.33115364591361,0.42008532846004915,26.729322106858852,72.18354408049724
Zone_280,S_2024_00280,80.85080914595238,19.718290142055896,170.9304460057269,6.645082338319218,1.368490455546302,31.96033826902228,81.07830915564706
Zone_281,S_2024_00281,93.11077067646627,37.98277421955298,120.14237773885552,6.307599885848184,0.7595697853559071,27.617577346476164,85.77262938581472
Zone_282,S_2024_00282,46.60787330759767,47.4635178494328,202.2530630831891,6.894470582440165,2.0043770604810267,29.81717942379239,83.90275123804909
Zone_283,S_2024_00283,25.49396345589121,30.519883012663914,73.82439219616174,5.30027656243924,1.1586385135666177,30.313648795273416,89.69082443044238
Zone_284,S_2024_00284,28.34802825668767,31.75391243466177,63.115336304089475,7.351816458096041,1.5895408319638338,33.87502054942634,70.03773066915237
Zone_285,S_2024_00285,66.60145012806561,14.786481762868656,201.87275064367205,7.648060859773387,0.3454352282583981,31.566029320846706,67.2740407093504
Zone_286,S_2024_00286,23.740688022511225,28.611008377504703,146.0892672420431,6.478917012721543,1.6793805238741577,27.595709586737517,74.84340725393156
Zone_287,S_2024_00287,56.71158148028911,31.622234758943023,180.89273037877985,5.702748460950439,1.8675814351809839,25.17266153334309,72.51471381884376
Zone_288,S_2024_00288,66.2294114092762,19.21723232739756,135.56349293265933,6.879640499433177,1.0409334033454776,26.7641506773141,75.3592806684893
Zone_289,S_2024_00289,44.7184378663493,21.689370731345516,102.06817320266386,5.805735940050915,1.2319245209457144,27.26867360323768,81.16222782796038
Zone_290,S_2024_00290,107.055671839562,14.673078362995314,216.56623942064343,7.547372909603297,1.7098093945380353,26.928278765071397,78.08728445649099
Zone_291,S_2024_00291,21.650939071379955,10.319956721582454,203.05929582393796,6.2461390223149005,0.43778072883207664,33.1372675272976,72.9702573542132
Zone_292,S_2024_00292,12.516864263479233,22.481899097574402,191.470539875055,3.1110920828737822,1.3129433866891613,29.823837932538275,65.77504563352085
Zone_293,S_2024_00293,90.03809902093508,18.922302327457835,70.84050511728911,6.884820217554437,0.666788663037928,30.322161117669864,74.35893728117614
Zone_294,S_2024_00294,65.54357799410096,23.112081171761236,164.14906099095154,3.9928108706978316,0.3677148708884778,27.12918633747861,66.57476329852823
Zone_295,S_2024_00295,30.878225315108164,14.67466629616021,125.0177191663483,7.1603545411706735,0.7638458675218571,33.20752845584455,87.53225754575791
Zone_296,S_2024_00296,60.69829902377915,44.10550432043289,70.19310699238252,6.6563461593686615,0.2324615078523546,32.44172882372751,72.47314323163769
Zone_297,S_2024_00297,79.39138683989121,32.794394404737915,234.19163559131812,6.256114195085706,0.14798727291983865,25.540916092603876,67.43333703803962
Zone_298,S_2024_00298,36.99963199180976,51.55210558213991,159.4859189195092,8.619452064063259,0.37078393103038454,31.84307763442094,60.42219686911002
Zone_299,S_2024_00299,71.14473037465156,40.8126901033034,230.33995771376252,7.80744240838197,1.9946411728211513,30.068291326493377,78.42779002314647
Zone_300,S_2024_00300,26.566945806735216,29.073706226872034,139.78838090149952,5.407760906279664,1.1646995946420786,25.536101111129415,76.59591290991995
Zone_301,S_2024_00301,23.9012300424266,13.264271160676207,84.99589368336059,7.148163542733543,2.004451638263293,29.117523785580687,69.7471920925005
Zone_302,S_2024_00302,62.80340214547513,31.749101896720852,152.3423840832015,6.752644090842939,0.9265952538713798,30.14890636173756,64.0984590842291
Zone_303,S_2024_00303,42.24594177584673,34.64164796250208,247.70907942392563,6.329781462216937,1.0299287018118128,26.280134877240776,70.54321561954215
Zone_304,S_2024_00304,74.00626605579444,39.33928021766218,202.627333613467,6.748205002284994,1.095224795769146,34.46442033918274,71.31774215797637
Zone_305,S_2024_00305,75.49476037260227,27.529081297528993,201.67419878662054,6.303163430942906,0.9004133498512504,34.39529287887091,77.63580166364612
Zone_306,S_2024_00306,97.2165834077862,14.916946880050293,137.26905870871167,8.782502322677965,0.3105186731854784,32.671508847635444,76.84072423950724
Zone_307,S_2024_00307,62.83107839800342,21.8246510547864,180.38047266020595,7.50174689353685,1.3309770044403815,30.543391754771722,71.89982682901098
Zone_308,S_2024_00308,47.03447689600214,24.137555638521185,223.1284559249495,6.35859676917437,0.505234585737789,28.90976437071602,64.7317180132321
Zone_309,S_2024_00309,85.39085163727894,34.448146094988715,103.74074409592639,6.135203750119618,1.2475040930134964,31.182426124940704,90.16156769847181
Zone_310,S_2024_00310,18.239576078521,39.63751442193574,153.31800498510603,8.73073304796284,0.8461740576507216,30.51338592411397,72.23321790575748
Zone_311,S_2024_00311,28.507225144975557,24.418428800986927,66.56443527843085,7.545904300887093,0.49466704189543553,24.704895788729967,79.7319579192413
Zone_312,S_2024_00312,25.375106436600408,64.03667244534881,149.8086250135333,5.641068517752177,0.3095913351270645,30.97434370686781,64.31938037941465
Zone_313,S_2024_00313,22.1569945658048,35.51399483189407,245.88659166246268,6.867288933972681,1.584242456637349,32.28880803691145,73.17872049329895
Zone_314,S_2024_00314,94.62343232349897,19.07554082792655,57.083781353525296,6.8642041179768345,0.962024522043464,30.52444169423,58.60990788542812
Zone_315,S_2024_00315,86.76616720031487,7.244141104141248,103.59813011276796,7.195554065291636,0.1124012976192117,24.932852145326095,77.40830824546848
Zone_316,S_2024_00316,75.56268728426048,16.524056420288222,227.63906433950984,5.553598484817167,2.043692412650703,32.31411115994444,87.19131111282009
Zone_317,S_2024_00317,54.80522120689952,19.16761822512013,90.41462566472907,6.676751143561473,0.20595067708328793,27.73037663479906,69.92182456246655
Zone_318,S_2024_00318,29.177738173903233,16.63289026411758,164.0908054061029,6.034476863982439,1.7537715485347531,27.93016062473449,59.61396991560266
Zone_319,S_2024_00319,31.306052981046438,17.170962814685975,227.46003140727998,5.861855153055045,1.9664405028868404,26.379636306736003,58.246289340993215
Zone_320,S_2024_00320,38.50883328668429,20.460529926827867,55.87056058671821,6.095593483547159,0.5587347281698241,28.939644269483356,69.33973751802148
Zone_321,S_2024_00321,113.40200671041856,18.668165727865414,195.51742906817603,10.926129615088811,0.35313784358085476,33.046641553108884,62.320466659023985
Zone_322,S_2024_00322,56.78603292441952,36.0178506632207,140.29469495450095,2.9363949014134936,0.3997089301529912,30.99767773853715,60.37869036642513
Zone_323,S_2024_00323,70.81084197453858,12.967600056034675,240.98768293851694,7.166689746696958,0.7039003498905247,27.921953177648806,81.5365211485625
Zone_324,S_2024_00324,44.237909116349414,30.042608283567212,244.65539073674384,6.3125774424869965,0.2890719921216384,33.62370592057475,71.9609533472981
Zone_325,S_2024_00325,97.8625420117061,26.952599248867323,229.54419336370447,6.2397437432521805,1.4353313545209405,34.18157540490859,69.01256804437338
Zone_326,S_2024_00326,76.26750763040765,47.27949472631696,149.66440985105828,7.584697448948818,0.22204459277668476,33.92516237295921,85.5377307353677
Zone_327,S_2024_00327,62.16794062527129,6.8674162698514385,216.87579200246202,3.4604984222263417,0.7770305855801779,26.74462513867182,61.920387824068044
Zone_328,S_2024_00328,69.80348914537163,24.969112196853764,279.4913245122406,7.426352311477932,2.457863534648458,29.07068170825449,89.55575554140151
Zone_329,S_2024_00329,51.22892893321422,48.62454600710312,117.07155348374127,6.4155247525899375,1.7185365774499823,34.905055806259455,70.35161739196455
Zone_330,S_2024_00330,38.0975185435165,30.84559837307171,211.9884431800707,6.952986280452887,1.3118721700059526,32.43786214508762,87.31237024200695
Zone_331,S_2024_00331,65.20852922639536,31.944622274460464,54.95834240140118,7.6802433484209764,0.6703158897268341,25.919163136080197,80.23046046436731
Zone_332,S_2024_00332,78.95423222267317,19.599608092806093,167.3013383602493,6.0964305611551435,1.2805479552465986,26.143513379967636,82.01216274453563
Zone_333,S_2024_00333,21.75965858761954,16.55152299845477,98.64030218030295,7.7390785372558515,1.1011526571949628,30.506223978623034,88.58797447067576
Zone_334,S_2024_00334,29.521539224506512,35.44346151899032,74.0991833672325,6.149198641667655,0.9017777952264276,34.67215105864914,69.48793597055511
Zone_335,S_2024_00335,24.69072359623027,44.829109157146924,63.97202945983206,6.475241566609017,0.3609761946381358,30.502776346682914,87.65991011315296
Zone_336,S_2024_00336,23.25664314362677,51.693783244185745,148.616798764126,4.05475778944047,1.713804952746179,30.199588639632143,70.27025536371514
Zone_337,S_2024_00337,87.16671076774308,34.29415461672094,118.26913140614137,7.198396139815917,0.9471012432910865,25.961569460814843,74.50103681274598
Zone_338,S_2024_00338,74.938376355399,28.39740843733969,107.24406841685065,2.222628055174289,0.6719562740063629,31.94451629707026,68.77037962466214
Zone_339,S_2024_00339,57.196229012643535,40.14183155279979,63.53818399950816,7.4184022547915935,0.8238178511403978,33.14973210576654,75.84173381428172
Zone_340,S_2024_00340,26.714092261683412,18.319048911019507,111.17166992376283,6.46513739358576,0.8845375181671649,29.13725173864639,66.46956882774258
Zone_341,S_2024_00341,57.82027763636874,23.2174480271318,150.51059953686462,5.76015552888316,1.739227645503345,33.706607579821195,79.40596722404605
Zone_342,S_2024_00342,58.50070597344093,27.098408811643885,210.36696696574387,5.918669187356552,1.424287135578567,34.420015789413036,75.19030987144438
Zone_343,S_2024_00343,32.27310616683255,30.06723883407604,113.14710093446038,5.886055257659263,1.6074055932030344,26.371564949345828,80.58398714571202
Zone_344,S_2024_00344,52.22043374087594,15.285456582785175,197.72269233407113,6.413302190190094,0.15300490420833893,31.217445841130125,85.78437986194949
Zone_345,S_2024_00345,52.840925978596744,13.930195564166127,236.4488292017197,6.009666579260314,0.8588442449105318,27.23068201675644,73.6816731214472
Zone_346,S_2024_00346,65.95014177640712,33.68895855294629,178.5410009492812,7.040163071313094,1.0366041083795987,32.28981758622103,68.98378188473757
Zone_347,S_2024_00347,62.88298651125688,21.198681916123363,143.02887354443337,6.47572049522643,0.13196635492472508,30.543068440826158,67.73047457762678
Zone_348,S_2024_00348,24.682969414067202,33.44138355819932,55.7584022568738,5.853013722345359,0.5995688321755784,31.603570464329646,67.41580251522504
Zone_349,S_2024_00349,51.880999661978755,15.987709768613511,215.0459450856581,6.5716345646380345,1.5499327045272764,32.38027091533508,60.0215831630984
Zone_350,S_2024_00350,70.67403809805367,38.38428268124501,56.78865282743318,4.1221069785030435,0.31875327079011245,29.403671020527838,72.44469025913625
